Raajbir Bajpaie,raajbirbajpaie@gmail.com,PH22CBO0003
Ankita Hazra,ankitahazra2000@gmail.com,PH22CBO0004
Debarghya Goswami,www.debarghyagoswami20000@gmail.com,PH22CBO0005
Subhransu Roy,subhransur1@gmail.com,PH22CBO0006
Payal kumari,Payal00000000108@gmail.com,PH22CBO0007
Jayatsen Sharma,jayatsen515@gmail.com,PH22CBO0008
Annesha Roy,roy01ann.esha@gmail.com,PH22CBO0009
Shreya Kumari ,kumarishreya178@gmail.com,PH22CBO0010
Sharan Deep Mukhopadhyay,mukhopadhyaysharan@gmail.com,PH22CBO0011
Imon Kalyan Roy,royimonroy@gmail.com,PH22CBO0012